NOMBRE,"SUPERFICIE (KM2)",UBICACIÓN,COMENTARIOS,"PETRÓLEO CRUDO EQUIVALENTE 1P (MMBPCE)","CRUDO 1P (MMB)","GAS NATURAL 1P (MMMPC)","CONDENSADO 1P (MMB)","VOLUMEN ORIGINAL DE CRUDO 1P (MMB)","VOLUMEN ORIGINAL DE GAS 1P (MMMPC)","PETRÓLEO CRUDO EQUIVALENTE 2P (MMBPCE)","CRUDO 2P (MMB)","GAS NATURAL 2P (MMMPC)","CONDENSADO 2P (MMB)","VOLUMEN ORIGINAL DE CRUDO 2P (MMB)","VOLUMEN ORIGINAL DE GAS 2P (MMMPC)","PETRÓLEO CRUDO EQUIVALENTE 3P (MMBPCE)","CRUDO 3P (MMB)","GAS NATURAL 3P (MMMPC)","CONDENSADO 3P (MMB)","VOLUMEN ORIGINAL DE CRUDO 3P (MMB)","VOLUMEN ORIGINAL DE GAS 3P (MMMPC)"
NUMERADOR,0.0885,Terrestre,,0,0,0.01,0,0,3.46,0,0,0.01,0,0,0,0,0,0.01,0,0,0
NAB,12.29,Marino,,0,0,0,0,0,0,0,0,0,0,0,0,32.83,32.4,2.63,0.01,407.98,33.05
TRION,22.3574,Marino,,343.93,287.25,323.08,0,1180.8,1199.4,502.51,463.46,222.53,0,307,49,630.21,583.09,268.54,0,98.6,96.6
RABEL,4.42,Terrestre,,0.01,0,0.05,0,0,63.99,0.01,0,0.05,0,0,0,0.01,0,0.05,0,0,0
AZUCAR,12.33,Terrestre,,0.02,0,0.14,0,0,3.12,0.02,0,0.14,0,0,0.82,0.02,0,0.14,0,0,1.37
EMERGENTE,11.2606,Terrestre,,0.02,0,0.11,0,0,21.43,0.02,0,0.11,0,0,85.72,0.02,0,0.11,0,0,278.56
HABANO,15.501,Terrestre,,0.12,0,0.59,0,0,17.78,0.12,0,0.59,0,0,0,0.12,0,0.59,0,0,0
VERNET,31.3152,Terrestre,,8.7,7.08,9.7,0,84.08,210.52,16.06,13.31,16.54,0,0.44,2.79,19.34,16.03,19.9,0,0.68,4.7
JABALINA,2.1924,Terrestre,,0,0,0.01,0,0,1.6,0,0,0.01,0,0,0,0,0,0.01,0,0,0
CAUCHY,59.18,Terrestre,,1,0,5.19,0,0,572.91,1,0,5.19,0,0,0,1,0,5.19,0,0,0
BEDEL,13.43,Terrestre,,12.23,10.29,10.05,0,158.37,84.9,12.69,10.73,10.2,0,0,0,12.69,10.73,10.2,0,0,0
JILIAPA,16.82,Terrestre,,1.59,1.45,1.54,0,133.75,84.3,3.45,3.18,2.98,0,0,0,4.41,4.06,3.88,0,0,0
"NUEVO PROGRESO",3.64,Terrestre,,0.29,0.29,0.31,0,0,0,0.41,0.41,0.47,0,0,0,0.41,0.41,0.47,0,0,0
EMU,14.93,Terrestre,,0.16,0,0.86,0,0,71.81,0.16,0,0.86,0,0,1.44,0.16,0,0.86,0,0,3.35
PAPANTLA,10.91,Terrestre,,0.14,0.14,0.04,0,66.75,22.11,0.14,0.14,0.04,0,0,0,0.14,0.14,0.04,0,0,0
"CERRO DEL CARBON",13.87,Terrestre,,0.05,0.04,0.07,0,48.53,35.77,0.83,0.74,2.01,0,0,0,1.14,1.02,2.8,0,0,0
ACUATEMPA,6.62,Terrestre,,1.38,1.38,1.17,0,101.73,74.86,2.57,2.57,2.15,0,0,0,2.57,2.57,2.15,0,0,4.33
MOZUTLA,1.93,Terrestre,,0.06,0.06,1.4,0,33.83,15.2,0.55,0.55,1.91,0,0,0,0.55,0.55,1.91,0,0,0
CHICHIMANTLA,5.7,Terrestre,,0.26,0.26,0.19,0,14.62,17.36,0.42,0.42,0.34,0,0,0,0.7,0.7,0.71,0,0,0
COPAL,4.06,Terrestre,,0.54,0.54,0.44,0,11,5.44,0.78,0.78,0.55,0,0,0,1.04,1.04,0.7,0,0,0
"EZEQUIEL ORDONEZ",5.18,Terrestre,,0.22,0.2,0.45,0,162.76,100.92,0.22,0.2,0.45,0,0,0,0.29,0.27,0.51,0,12.27,4.84
"MESA CERRADA",2.95,Terrestre,,0.28,0.28,0.12,0,37.83,13.68,0.38,0.38,0.3,0,0,0,0.76,0.76,0.52,0,0,0
MORALILLO,16.9,Terrestre,,0.33,0.33,0.19,0,64.04,41.7,0.77,0.77,0.56,0,0,0,1.02,1.02,0.77,0,0,0
MURO,5.12,Terrestre,,0.18,0.18,0.17,0,73.9,16.72,0.52,0.52,0.36,0,0,0,0.52,0.52,0.36,0,0,0
OCOTEPEC,2.8,Terrestre,,0.37,0.37,0.41,0,0,0,1.07,1.07,0.65,0,0,0,1.53,1.53,0.81,0,0,0
"RANCHO NUEVO",27.83,Terrestre,,0.83,0.83,0.31,0,53.32,21.3,4.94,4.94,2.38,0,0,0,4.94,4.94,2.38,0,0,0
"SAN DIEGO CHICONCILLO",46.67,Terrestre,,0.17,0.17,0.11,0,0,0,0.31,0.31,0.18,0,0,0,1.19,1.19,0.68,0,0,0
"SANTA AGUEDA",11.03,Terrestre,,3.98,3.83,2.82,0,386.47,243.35,3.98,3.83,2.82,0,0,0,3.98,3.83,2.82,0,0,0
"SOLIS TIERRA AMARILLA",31.31,Terrestre,,0.68,0.68,0.32,0,0,0,0.68,0.68,0.32,0,0,0,0.9,0.9,0.44,0,0,0
"SUR CHINAMPA NORTE DE AMATLAN",22.75,Terrestre,,3.4,3.4,1.56,0,718.78,422.21,4.12,4.12,1.93,0,0,0,4.69,4.69,2.22,0,0,0
"SUR DE AMATLAN",1.89,Terrestre,,1.43,1.43,0.64,0,0,0,1.57,1.57,0.71,0,0,0,1.9,1.9,0.86,0,0,0
"TEPETATE NORTE CHINAMPA",8.79,Terrestre,,0.53,0.53,0.24,0,560.67,283.31,1.16,1.16,0.57,0,0,0,3,3,1.51,0,0,0
"TOTECO CERRO AZUL",36.47,Terrestre,,3.43,3.43,2.36,0,1256.91,705.7,3.53,3.53,2.41,0,0,0,3.98,3.98,2.66,0,0,0
"TRES HERMANOS",74.34,Terrestre,,3.19,3.19,16.34,0,423.25,747.24,4.32,4.32,17.61,0,0,0,4.32,4.32,17.61,0,0,0
ZACAMIXTLE,8.97,Terrestre,,0.17,0.17,0.04,0,61.42,32.84,0.17,0.17,0.04,0,0,0,0.17,0.17,0.04,0,0,0
TAJIN,162.7,Terrestre,,94.22,79.87,109.23,0,0,0,226.99,190.45,278.32,0,0,0,258.54,216.57,319.61,0,0,0
"AGUA FRIA",109.7,Terrestre,,51.03,40.95,75.36,0,0,0,127.67,104.74,171.42,0,0,0,145.4,119.43,194.09,0,0,0
FRONTERIZO,14.39,Terrestre,,2.38,0,13.51,0.01,0,0,4.3,0,24.44,0.01,0,0,4.91,0,27.94,0.01,0,0
FUNDADOR,5.41,Terrestre,,1.57,0,14.48,0.02,0,333.34,2.51,0,23.12,0.02,0,204.07,2.7,0,24.87,0.03,0,40.67
CACAHUATENGO,58.83,Terrestre,,1.74,1.42,1.75,0,0,0,15.1,11.54,19.23,0,0,0,57.64,43.76,74.93,0,0,0
COAPECHACA,112.61,Terrestre,,60.27,50.47,75.28,0,0,0,124.98,104.28,158.89,0,0,0,131.65,109.84,167.47,0,0,0
CORRALILLO,162.63,Terrestre,,84.12,71.32,111.47,0,0,0,279.4,239.29,349.13,0,0,0,377.91,324.04,468.88,0,0,0
COYULA,80.29,Terrestre,,22.43,17.56,28.89,0,0,0,68.22,52.21,95.05,0,0,0,83.75,64.63,113.48,0,0,0
ESCOBAL,50.41,Terrestre,,29.84,25.45,33.06,0,609.23,229.86,67.81,57.24,79.67,0,557.11,210.2,70.13,59.1,83.09,0,158.95,59.97
GALLO,47.18,Terrestre,,0.84,0.57,1.25,0,0,0,95.04,54.23,187.33,0,0,0,138.09,78.75,272.37,0,0,0
MIAHUAPAN,234.22,Terrestre,,3.97,3.58,3.98,0,13.04,10.83,40.22,35.02,53.04,0,0,0,108.95,94.63,146.06,0,0,0
MIQUETLA,297.21,Terrestre,,26.14,17.19,46,0,811.65,539.38,145.71,95.98,268.5,0,0,0,203.53,133.72,380.15,0,0,0
"PALO BLANCO",115.05,Terrestre,,13.25,10.54,16.23,0,0,0,150.55,106.72,292.1,0,0,0,187.4,132.77,368.81,0,0,0
SOLEDAD,62.56,Terrestre,,23.89,16.9,32.35,0,0,0,95.62,63.35,149.38,0,0,0,109.9,72.6,172.68,0,0,0
GALIA,5.37,Terrestre,,0.01,0,0.11,0,0,14.33,0.08,0,0.66,0,0,0,0.08,0,0.66,0,0,3.96
GARUFA,0.64,Terrestre,,0.19,0,1.1,0,0,0,1.11,0,6.38,0.01,0,0,1.49,0,8.55,0.01,0,0
GENERAL,10.69,Terrestre,,0.5,0,2.58,0,0,54.9,0.56,0,2.91,0,0,0,0.68,0,3.53,0,0,4.92
JAUJAL,27.33,Terrestre,,0.22,0,1.16,0,0,67.67,0.22,0,1.16,0,0,0,0.22,0,1.16,0,0,321.68
GASIFERO,24.86,Terrestre,,20.36,4.2,88.88,0,120.49,443.53,21.28,5.01,89.53,0,0,0,21.28,5.01,89.53,0,0,0
KRIPTON,3.3,Terrestre,,0.94,0,5.34,0.01,0,0,1.06,0,5.99,0.01,0,0,1.2,0,6.8,0.01,0,0
LOMITAS,79.91,Terrestre,,0.11,0,1.09,0,0.06,143.42,0.58,0,5.49,0.02,0,12.2,0.76,0,7.21,0.03,0,19.54
MOJARRENAS,69.49,Terrestre,,1.01,0,5.7,0.01,0,241.54,2.22,0,12.57,0.02,0,20.99,4.16,0,23.52,0.04,0,17.9
TERREGAL,6.91,Terrestre,,0.07,0,0.46,0.01,0,29.6,0.07,0,0.46,0.01,0,0,0.07,0,0.46,0.01,0,0
SULTAN,7.42,Terrestre,,0.03,0,0.27,0,0,0,0.23,0,2.24,0.01,0,0,0.55,0,5.23,0.03,0,0
MONTERREY,82.49,Terrestre,,0.5,0,2.78,0.02,20.08,422.66,1.05,0,5.79,0.05,0,23.58,1.22,0,6.75,0.05,0,31.94
OASIS,33.65,Terrestre,,0.2,0,1.18,0,0,127.29,0.3,0,1.82,0,0,0.72,0.61,0,3.65,0,0,2.1
OROZCO,7.51,Terrestre,,0.09,0,0.64,0,0,46.12,0.79,0,5.87,0,0,6.16,1.49,0,11.15,0,0,6.16
PALMITO,96.4,Terrestre,,4.37,0,25.73,0.03,0,0,7.51,0,46.49,0.07,0,0,9.65,0,60.63,0.1,0,0
"SAN PABLO",4.97,Terrestre,,0.13,0,0.66,0,0,64,0.13,0,0.66,0,0,0,0.13,0,0.66,0,0,0
PANDURA,37.89,Terrestre,,0.37,0,2.25,0,0,252.28,1.46,0,8.82,0.01,0,44.47,1.46,0,8.82,0.01,0,12.03
PASCUALITO,36.44,Terrestre,,0.35,0,2.03,0,0,97.97,0.4,0,2.32,0,0,0.32,0.45,0,2.62,0,0,2.77
PATLACHE,0.54,Terrestre,,0.07,0,0.4,0,0,16.43,0.07,0,0.4,0,0,27.2,0.07,0,0.4,0,0,11.2
"MATA PIONCHE",18.05,Terrestre,,0.76,0,3.68,0,145.25,539.68,0.76,0,3.68,0,0,0,0.76,0,3.68,0,0,0
REYNOSA,375.08,Terrestre,,0.1,0,0.85,0,7.49,3221.64,0.1,0,0.85,0,0,0,0.1,0,0.85,0,0,0
"SANTA ANITA",44.82,Terrestre,,4.8,0,28.73,0.12,0,0,5.98,0,36.81,0.14,0,0,6.11,0,37.47,0.15,0,0
MECAYUCAN,10.48,Terrestre,,0.63,0,3.06,0,48.37,434.52,0.63,0,3.06,0,0,0,0.63,0,3.06,0,0,0
"RINCON PACHECO",4.13,Terrestre,,0.05,0,0.27,0,0,98.92,0.05,0,0.27,0,0,0,0.05,0,0.27,0,0,0
SIGMA,13.88,Terrestre,,0.45,0,3.31,0.06,0,0,0.48,0,3.53,0.06,0,0,0.92,0,6.79,0.12,0,0
COPITE,10.45,Terrestre,,0.28,0,1.39,0,22.5,455.56,0.28,0,1.39,0,0,0,0.28,0,1.39,0,0,0
ANGOSTURA,12.16,Terrestre,,0.44,0.44,0.1,0,302.36,64.92,0.44,0.44,0.1,0,0,0,0.44,0.44,0.1,0,0,0
DRAGON,3.8,Terrestre,,0.22,0,1.06,0,0,31.62,0.46,0,2.23,0,0,5.47,0.7,0,3.41,0,0,19.99
DULCE,5.52,Terrestre,,0.49,0,2.77,0,0,15.07,0.66,0,3.77,0,0,0,0.84,0,4.77,0,0,9.8
ARABE,3.62,Terrestre,,0.19,0,1.06,0,0,0,0.55,0,3.11,0.01,0,0,0.55,0,3.11,0.01,0,0
ARCABUZ,100.62,Terrestre,,7.81,0,41.15,0.01,0,0,14.78,0,77.53,0.03,0,0,20.19,0,105.76,0.05,0,0
ARCOS,31.55,Terrestre,,5.15,0,26.8,0,0,828,14.76,0,76.79,0,0,109.39,15.98,0,83.1,0,0,82.99
BARUNDA,0.88,Terrestre,,0.11,0,0.59,0,0,4.71,0.3,0,1.54,0,0,1.7,0.33,0,1.7,0,0,0
BAYO,2.31,Terrestre,,0.36,0,1.84,0,0,50.86,1.37,0,7.09,0,0,0,1.69,0,8.71,0,0,3.43
CABEZA,48.75,Terrestre,,0.39,0,2.22,0,0,66.71,2.01,0,11.37,0.02,0,9.37,3.39,0,19.17,0.04,0,34.15
CAUDALOSO,5.3,Terrestre,,0.09,0,0.78,0,0,76.77,0.33,0,2.9,0.01,0,1,1.06,0,9.3,0.04,0,12.09
CHAPUL,23.39,Terrestre,,0.52,0,2.97,0,0,93.04,0.99,0,5.62,0.01,0,3.72,1.49,0,8.45,0.01,0,0
COMITAS,38.51,Terrestre,,2.69,0,17.51,0.17,0,318.66,6.84,0,44.49,0.44,0,49.02,9.31,0,60.53,0.6,0,29.76
"CUATRO MILPAS",78.8,Terrestre,,0.84,0,5.15,0,0,0,2.97,0,17.21,0,0,0,3.68,0,21.21,0.01,0,0
CUCANA,2.58,Terrestre,,0.29,0,1.65,0.01,0,13.27,1.46,0,8.24,0.06,0,0,1.74,0,9.8,0.07,0,0
CUERVITO,56.74,Terrestre,,11.52,0,85.7,0.46,0,0,20.51,0,152.66,0.83,0,0,24.78,0,184.41,1,0,0
CULEBRA,214.01,Terrestre,,6.5,0,36.92,0,0,0,8.7,0,50.39,0.01,0,0,10.71,0,61.71,0.01,0,0
TIGRILLO,5.4,Terrestre,,0,0,0.01,0,5.04,49.12,0.69,0,3.28,0,0,0,1.11,0,5.28,0,0,0
TOPO,32.58,Terrestre,,0.85,0,6.46,0.03,0,0,1.35,0,10.31,0.05,0,0,1.64,0,12.51,0.06,0,0
TORRECILLAS,41.49,Terrestre,,0.43,0,3.47,0.05,0,0,1.35,0,10.75,0.15,0,0,1.49,0,11.87,0.16,0,0
VELERO,81.27,Terrestre,,4.25,0,23.52,0,0,0,6.03,0,34.62,0,0,0,6.5,0,37.36,0,0,0
VIBORITAS,40.19,Terrestre,,0.33,0,2.66,0,0,0,0.84,0,6.71,0,0,0,1.24,0,9.93,0.01,0,0
"POZA RICA",150.78,Terrestre,,28.6,25.41,24.62,0,4808.8,4807.89,64.46,57.23,55.77,0,0,0,124.22,110.07,109.18,0,0,0
"JUAN FELIPE",5.39,Terrestre,,0.29,0.29,0.14,0,0,0,0.53,0.53,0.28,0,0,0,0.83,0.83,0.45,0,0,0
"ALAMO SAN ISIDRO",7.03,Terrestre,,0.72,0.72,0.49,0,0,0,0.85,0.85,0.59,0,0,0,1.22,1.22,0.88,0,0,0
HORCON,5.69,Terrestre,,0.08,0.08,0.11,0,0,0,0.08,0.08,0.11,0,0,0,0.08,0.08,0.11,0,0,0
AGUACATE,21.35,Terrestre,,0.58,0.58,0.19,0,32.16,11.8,1.41,1.41,0.42,0,4.24,0.62,3.5,3.5,0.78,0,17.4,2.54
PARETO,49.98,Terrestre,,1.37,1.2,1.12,0,59.12,108.67,1.37,1.2,1.12,0,0,0,1.37,1.2,1.12,0,0,0
LIZAMBA,37.96,Terrestre,,0.51,0,2.67,0,0,783.75,0.51,0,2.67,0,0,0,0.51,0,2.67,0,0,0
OBERTURA,1.95,Terrestre,,0.03,0,0.15,0,0,13.5,0.03,0,0.15,0,0,0,0.03,0,0.15,0,0,0
TINTAL,25.61,Terrestre,,7.39,7.39,1.74,0,66.33,41,7.39,7.39,1.74,0,98.39,79.44,8.91,8.91,2.13,0,147.53,119.11
BRILLANTE,12.59,Terrestre,,0.39,0.39,0.25,0,33.71,19.75,0.39,0.39,0.25,0,0,0,0.39,0.39,0.25,0,0,0
"CINCO PRESIDENTES",121.71,Terrestre,,5.98,5.03,9.6,0,1103.48,1192.58,11.13,9.67,14.9,0,0,0,17.97,15.87,21.46,0,4.75,2.8
RABASA,76.36,Terrestre,,16.19,13.8,14.14,0,321.47,200.71,17.88,15.24,15.71,0,0,0,25.53,22.08,20.43,0,0,0
RODADOR,23.58,Terrestre,,3.3,3.17,2.15,0,180.76,211.1,4.1,3.93,3.08,0,0,0,8.64,8.37,4.6,0,0,0
"SAN RAMON",17.61,Terrestre,,10.05,8.65,7.05,0,426.16,187.11,10.05,8.65,7.05,0,0,0,10.05,8.65,7.05,0,0,0
TIUMUT,16.04,Terrestre,,0.46,0.46,0.38,0,10.25,15.72,0.46,0.46,0.38,0,0,0,0.46,0.46,0.38,0,0,0
"EDEN JOLOTE",60.71,Terrestre,,5.03,3.15,11.59,0.02,538.36,957.69,8.69,6.02,16.48,0.02,9.57,24.68,9.9,6.94,18.29,0.03,39.86,65.35
BELLOTA,65.26,Terrestre,,10.8,6.86,20.39,0.08,508.73,821.54,17.44,7.47,51.68,0.21,0,0,17.44,7.47,51.68,0.21,0,0
"PUERTO CEIBA",52.01,Terrestre,,12.14,9.89,9.96,0.3,1362.79,829.61,13.4,11.05,10.39,0.31,0,0,13.4,11.05,10.39,0.31,0,0
MADREFIL,40.06,Terrestre,,38.22,28.5,56.74,0.1,241.7,375.73,38.22,28.5,56.74,0.1,35.01,45.44,44.9,33.85,64.45,0.11,90,134.57
CHINCHORRO,13.47,Terrestre,,7.34,2.35,24.32,0.14,279.76,307.86,7.34,2.35,24.32,0.14,28.86,37.43,27.02,18.16,43.21,0.26,83.3,108.13
"ARROYO PRIETO",4.78,Terrestre,,1.1,0.91,0.95,0,24.79,66.05,1.29,0.91,1.86,0,0,1.52,1.29,0.91,1.86,0,0,0
JACINTO,35.12,Terrestre,,5.44,2.96,13.06,0.01,171.84,596.65,6.75,3.74,15.84,0.01,19.03,38.89,6.75,3.74,15.84,0.01,72.56,42.15
PAREDON,44.18,Terrestre,,5.56,3.38,11.07,0.02,672.03,1729.07,5.56,3.38,11.07,0.02,19.86,51.11,5.56,3.38,11.07,0.02,0,0
HUMAPA,241.39,Terrestre,,32.95,23.07,63.46,0,0,0,150.25,105.02,290.49,0,0,0,291.01,202.86,566.19,0,0,0
AYOCOTE,57.73,Terrestre,,0.81,0.51,1.45,0,53.22,53.89,0.81,0.51,1.45,0,0,0,0.81,0.51,1.45,0,0,0
BACAL,16.13,Terrestre,,0.48,0.43,0.27,0,230.22,291.86,0.48,0.43,0.27,0,0,0,0.48,0.43,0.27,0,0,0
GUARICHO,12.13,Terrestre,,5.12,4.16,4.58,0,127.32,93.17,5.33,4.35,4.74,0,0,0,5.81,4.75,5.08,0,2.49,1.84
"BOCA DEL TORO",5.9,Terrestre,,0.36,0,1.88,0,0,2.71,0.36,0,1.88,0,0,0,0.36,0,1.88,0,0,0
"GRAN MORELOS",3.86,Terrestre,,0,0,0,0,0,0,0,0,0,0,0,0,0.07,0.07,0.05,0,0,0
POHP,25.85,Marino,,0,0,0,0,0,0,35.47,34.32,7.04,0.04,515.23,102.53,103.87,100.09,23.21,0.13,751.04,149.46
MENE,10.25,Marino,,0,0,0,0,0,0,25.25,24.4,5.18,0.03,203.13,43.16,25.25,24.4,5.18,0.03,0,0
ALAK,12.47,Marino,,0,0,0,0,0,0,41.58,39.4,13.38,0.07,260.59,87.78,48.86,46.3,15.73,0.09,0,0
CAFETO,9.966,Terrestre,,1.15,0.15,6,0,0.56,20.43,1.37,0.16,7.26,0,0,0,1.68,0.2,8.86,0,0,0
ATUN,18.3,Marino,,4.98,2.34,31.72,0,309.46,840.42,9.7,4.28,65.12,0,0,0,14.33,6.19,97.82,0,0,0
BAGRE,34.55,Marino,,6.44,5.73,8.56,0,210,334.27,24.17,21.78,28.82,0,0,0,24.17,21.78,28.82,0,6.7,10.67
CARPA,4.99,Marino,,2.75,2.7,0.28,0,82.26,18.98,2.75,2.7,0.28,0,0,0,2.75,2.7,0.28,0,0,0
MARSOPA,4.78,Marino,,5.1,4.83,1.3,0,68.65,35.85,10.28,9.74,2.63,0,0,0,10.28,9.74,2.63,0,0,0
AHUATEPEC,75.04,Terrestre,,0.77,0.64,0.61,0,0,0,14.93,11.52,15.78,0,0,0,78.48,60.35,83.92,0,0,0
SITIO,148.7,Terrestre,,0,0,0,0,0,0,0.81,0.66,0.7,0,0,0,51.28,41.55,45.06,0,0,0
PALANGRE,9.19,Terrestre,,0,0,0,0,51.64,52.19,0,0,0,0,32.1,34.71,1.67,1.1,2.8,0.02,0,0
NELASH,80.22,Terrestre,,0.13,0.13,0.07,0,69.33,106.33,0.13,0.13,0.07,0,10.06,15.43,0.13,0.13,0.07,0,0,0
"CHIAPAS COPANO",86.22,Terrestre,,5.7,3.91,8.44,0.06,320.21,2226.75,5.7,3.91,8.44,0.06,0,0,5.7,3.91,8.44,0.06,0,0
COMOAPA,61.23,Terrestre,,2.6,1.84,3.59,0.03,0,0,3.36,2.41,4.47,0.03,0,0,3.36,2.41,4.47,0.03,0,0
MORA,52.3,Terrestre,,22.92,13.93,20.65,0,802.6,1130.9,24.24,14.69,21.95,0,0,0,25.1,15.18,22.79,0,0,0
PACHE,51.03,Terrestre,,4.38,2.04,14.58,0.02,51,126.84,4.38,2.04,14.58,0.02,0,0,6.11,3.28,17.66,0.02,30.05,74.75
GAUCHO,47.8,Terrestre,,1.12,0.87,1.23,0.01,39.37,112.46,1.76,1.32,2.09,0.01,5.72,20.87,1.76,1.32,2.09,0.01,0.84,3.06
GIRALDAS,102.3,Terrestre,,18.43,2.61,76.94,0.12,0,0,18.43,2.61,76.94,0.12,0,0,18.43,2.61,76.94,0.12,0,0
YAGUAL,67.7,Terrestre,,1.7,1.41,1.41,0.01,168.98,174.41,1.7,1.41,1.41,0.01,41.72,29.01,1.7,1.41,1.41,0.01,0,0
CASTARRICAL,27.9,Terrestre,,12.41,11.43,4.76,0.05,165,101.71,12.41,11.43,4.76,0.05,0,0,12.41,11.43,4.76,0.05,0,0
SUNUAPA,194.57,Terrestre,,6.86,3.6,15.78,0.03,0,0,10.51,5.66,23.43,0.04,0,0,10.51,5.66,23.43,0.04,0,0
BRICOL,66.44,Terrestre,,3.17,2.2,4.76,0.03,204.97,279.5,5.11,3.64,7.31,0.05,233.84,266.31,10.62,7.79,14.03,0.1,0,0
CARDENAS,82.67,Terrestre,,36.76,18.55,39.17,0,1704.3,3005.3,40.26,20.51,42.48,0,0,0,43.68,22.43,45.71,0,0,0
TOKAL,17.17,Terrestre,,5.45,4.85,2.87,0.01,27.5,24.46,7.1,6.3,3.87,0.02,19.34,17.2,13.4,11.82,7.69,0.03,8.76,7.79
TUPILCO,71.68,Terrestre,,4.27,3.77,2.62,0,248.59,156.09,8.53,7.75,4.14,0.01,0,0,8.53,7.75,4.14,0.01,10.56,6.64
BLASILLO,27.5,Terrestre,,2,1.63,1.79,0,315.4,314.57,3.78,3.08,3.43,0,0,0,3.78,3.08,3.43,0,0,0
LACAMANGO,7.4,Terrestre,,0.76,0.76,1.69,0,111.49,176.13,0.76,0.76,1.69,0,0,0,1.6,1.6,2.29,0,6.52,8.55
OGARRIO,147.92,Terrestre,,28.84,20.32,47.74,0,1162.4,1398.5,39.04,27.5,64.62,0,145.4,175.1,47.93,33.76,79.34,0,159.4,191.7
"LOS SOLDADOS",56.72,Terrestre,,1.81,1.57,1.18,0,136.77,340.27,1.92,1.66,1.25,0,0,0,6.3,5.73,2.79,0,0,0
AGAVE,179.04,Terrestre,,2.85,1.48,6.88,0.01,254.55,2299.13,2.85,1.48,6.88,0.01,0,0,2.85,1.48,6.88,0.01,0,0
ARTESA,35.62,Terrestre,,0.31,0.27,0.21,0,161.59,271.56,0.47,0.41,0.3,0,27.36,56.99,0.47,0.41,0.3,0,2.48,5.16
CACTUS,102.8,Terrestre,,8.4,5.63,13.41,0.1,1145.85,1936.47,8.4,5.63,13.41,0.1,0,0,8.4,5.63,13.41,0.1,0,0
JUSPI,51.8,Terrestre,,1.4,0.81,3.15,0.01,32.92,142.71,1.4,0.81,3.15,0.01,7.07,32.36,1.4,0.81,3.15,0.01,0,0
TEKEL,16.42,Marino,,59.34,58.19,6.77,0.04,397.63,46.2,200.86,196.98,22.92,0.14,347.05,40.33,255.79,250.85,29.18,0.18,77.8,9.04
NISPERO,42.64,Terrestre,,1.93,1.38,2.47,0.04,330.09,557.85,4.09,3.03,4.8,0.09,0,0,4.09,3.03,4.8,0.09,0,0
"RIO NUEVO",20.09,Terrestre,,0.38,0.26,0.59,0,0,0,0.38,0.26,0.59,0,0,0,0.38,0.26,0.59,0,0,0
"SITIO GRANDE",108.67,Terrestre,,1.79,1.34,2.2,0,1152.68,1837.99,1.79,1.34,2.2,0,0,0,1.79,1.34,2.2,0,0,0
TEOTLECO,168.1,Terrestre,,40.34,23.31,83.44,0.13,234.41,894.79,40.34,23.31,83.44,0.13,101.15,271.13,40.34,23.31,83.44,0.13,39.11,104.82
BOLONTIKU,34.72,Marino,,10.96,7.91,16.87,0.07,496.59,899.65,10.96,7.91,16.87,0.07,0,0,10.96,7.91,16.87,0.07,0,0
CHILAPILLA,31.63,Terrestre,,0.21,0,1.17,0,0,1418.87,0.21,0,1.17,0,0,4.64,0.21,0,1.17,0,0,0
OXIACAQUE,40.6,Terrestre,,4.33,2.52,8.77,0.02,1221.04,1340.95,4.33,2.52,8.77,0.02,0,0,4.33,2.52,8.77,0.02,0,0
"PRESIDENTE ALEMAN",198.18,Terrestre,,32.69,25.37,57.87,0,0,0,246.91,182.01,513.03,0,0,0,354.87,261.34,739.39,0,0,0
COBO,46.8,Terrestre,,0.57,0,2.95,0,0,190.99,0.57,0,2.95,0,0,14.66,1.73,0,8.99,0,0,0
PLATANAL,8,Terrestre,,4.15,2.89,6.14,0.01,77.83,125.86,4.73,3.27,7.09,0.01,0,0,4.73,3.27,7.09,0.01,39.22,2.2
"LUNA PALAPA",34,Terrestre,,1.14,0.51,3.04,0.01,243.28,1149.99,1.14,0.51,3.04,0.01,0,0,1.14,0.51,3.04,0.01,5.93,16.66
SAMARIA,97.19,Terrestre,,52.04,48.08,14.92,0.9,4103.13,5051.07,55.64,51.59,15.31,0.93,391.44,118.16,61.71,57.39,16.3,0.99,140.73,44.25
SHISHITO,11.44,Terrestre,,2.15,1.85,2.04,0,72.48,59.3,2.15,1.85,2.04,0,5.16,2.19,11.07,10.32,5.13,0,38.76,14.2
"CAPARROSO PIJIJE ESCUINTLE",43.92,Terrestre,,11.48,7.75,18.08,0.03,931.31,2303.93,11.48,7.75,18.08,0.03,0,0,15.16,10.04,24.83,0.04,0,0
TEPETITAN,33.39,Terrestre,,0.15,0,0.76,0,0,99.71,0.15,0,0.76,0,0,14.21,0.37,0,1.94,0,0,0
USUMACINTA,72.52,Terrestre,,0.11,0,0.58,0,0,727.31,0.11,0,0.58,0,0,0,0.69,0,3.6,0,0,0
CUNDUACAN,52.33,Terrestre,,5.16,3.14,9.51,0.08,1813.55,2198.66,5.16,3.14,9.51,0.08,0,0,5.16,3.14,9.51,0.08,0,0
IRIDE,37.98,Terrestre,,10.81,7.84,14.39,0.03,1419.45,1932.6,11.74,8.77,14.44,0.03,30.31,6.5,21.35,18.01,16.2,0.04,246.51,15.03
SEN,33.83,Terrestre,,9.23,4.97,20.68,0.04,979.94,2634.49,9.23,4.97,20.68,0.04,0,0,9.23,4.97,20.68,0.04,0,0
SINI,6.01,Terrestre,,21.35,13.68,37.16,0.07,135.33,311.23,26.93,17.47,45.85,0.08,18.54,42.63,35.52,23.3,59.23,0.11,0,0
TERRA,24.45,Terrestre,,8.87,4.77,19.89,0.04,0,0,15.01,8.91,29.61,0.06,0,0,15.01,8.91,29.61,0.06,0,0
TIZON,41.12,Terrestre,,16.05,6.74,45.34,0.09,205,934.43,24.11,10.05,68.54,0.13,17.34,64.61,24.11,10.05,68.54,0.13,0,0
AKAL,169.46,Marino,,561.11,149.57,1403.7,0,30687.86,14760.22,903.09,166.95,2418.04,0,118.79,31.47,1467.13,166.95,4147.39,0,14.41,3.82
BACAB,76.95,Marino,,1.47,1.42,0.31,0.02,344.6,85.2,54.35,51.13,18.21,1.07,253.3,92.05,91.28,85.97,30.01,1.76,179.61,65.27
CHAC,16.18,Marino,,8.35,7.72,3.21,0,577.32,180.71,8.35,7.72,3.21,0,0,0,13.04,12.23,4.1,0,41.01,8.06
IXTOC,73.23,Marino,,12.87,8.72,27.75,0.12,300.34,342.06,12.87,8.72,27.75,0.12,0,0,12.87,8.72,27.75,0.12,0,0
KAMBESAH,11.13,Marino,,5.55,5.29,4.1,0.11,240.05,127.04,5.55,5.29,4.1,0.11,0,0,5.55,5.29,4.1,0.11,0,0
KU,81.85,Marino,,48.78,28.11,111.9,0.2,7054.78,3656.91,84.03,42.68,223.83,0.4,0,0,132.92,64.54,370.16,0.67,83.49,67.97
SIHIL,40.6,Marino,,28.63,26.3,10.34,1.64,1461.75,436.27,59.27,53.41,26.03,4.13,147.01,128.47,105.36,94.77,46.95,7.44,79.32,15.59
FILADELFIA,2.86,Terrestre,,0.09,0,0.46,0,0,7.13,0.09,0,0.46,0,0,0.22,0.09,0,0.46,0,0,7.8
LUM,84.49,Marino,,14.87,14.59,2.08,0.14,464.83,66.14,39.14,38.45,5.08,0.34,129.17,16.33,89.94,88.39,11.38,0.76,171.62,21.69
MALOOB,68.85,Marino,,600.12,556.84,234.81,1.28,7339.46,2557.71,600.12,556.84,234.81,1.28,0,0,701.22,650.34,276,1.5,0,0
NOHOCH,21.54,Marino,,7.67,7.13,2.59,0,2013.58,738.38,7.67,7.13,2.59,0,0,0,7.67,7.13,2.59,0,0,0
TAKIN,5.33,Marino,,14.09,13.64,2.18,0,160.01,21.11,14.09,13.64,2.18,0,0,0,14.09,13.64,2.18,0,0,0
ZAAP,49.85,Marino,,162.67,147.79,85.11,0.68,5755.18,2167.34,200.33,182.19,103.67,0.82,0,0,209.68,188.98,118.35,0.94,0,0
AYATSIL,59.46,Marino,,955.41,937.77,108.32,0.61,4451.82,514.18,1045.79,1026.49,118.57,0.66,0,0,1376.68,1351.27,156.08,0.87,0,0
"SOLEDAD NORTE",39.4,Terrestre,,13.34,9.58,28.59,0,0,0,14.6,10.45,31.64,0,0,0,14.6,10.45,31.64,0,0,0
ARTIMON,0.14,Terrestre,,0.27,0,1.52,0,0,18.82,2.4,0,13.62,0.01,0,6.06,3.92,0,22.22,0.01,0,17.32
"BUENA SUERTE",47.6,Terrestre,,0.07,0,0.37,0,0,138.25,0.07,0,0.37,0,0,0,0.07,0,0.37,0,0,0
ABKATUN,248.82,Marino,,22.38,18.53,29.06,0.13,5228.75,3304.58,22.38,18.53,29.06,0.13,0,0,22.38,18.53,29.06,0.13,0,0
CAAN,70.99,Marino,,3.08,1.89,7.23,0.02,1614,2202.14,3.08,1.89,7.23,0.02,0,0,3.08,1.89,7.23,0.02,0,0
CHE,6.95,Marino,,1.52,0.48,7.63,0.02,16.84,187.13,1.52,0.48,7.63,0.02,0,0,1.52,0.48,7.63,0.02,0,0
CHUC,45.91,Marino,,11.41,10.37,12.25,0.1,2145.53,2431.73,11.41,10.37,12.25,0.1,0,0,11.41,10.37,12.25,0.1,0,0
ETKAL,14.7,Marino,,25.08,9.47,124.91,0.38,24.61,285.16,25.08,9.47,124.91,0.38,0.01,0.14,25.08,9.47,124.91,0.38,2.09,25.25
HOMOL,17.1,Marino,,23.8,18.42,40.44,0.12,387.29,445.65,41.83,27.77,105.76,0.32,31.98,238.43,41.83,27.77,105.76,0.32,0,0
IXTAL,41.34,Marino,,21.24,18.76,23.91,0.17,1034.91,1589.52,21.24,18.76,23.91,0.17,0,0,21.24,18.76,23.91,0.17,31.39,4.98
FORASTERO,4.15,Terrestre,,0.68,0,3.56,0,0,208.56,0.68,0,3.56,0,0,0,0.68,0,3.56,0,0,0
KANAAB,4.98,Marino,,0.88,0.81,0.55,0,89.88,61.21,0.88,0.81,0.55,0,0,0,0.88,0.81,0.55,0,0,0
KAX,1.72,Marino,,1.99,1.5,2.68,0.01,260.46,586.06,1.99,1.5,2.68,0.01,0,0,1.99,1.5,2.68,0.01,0,0
KUIL,20.07,Marino,,1.36,1.01,2.61,0.01,355.43,588.63,1.36,1.01,2.61,0.01,0,0,1.36,1.01,2.61,0.01,0,0
MANIK,6.29,Marino,,1.95,1.65,1.67,0,91.41,75.14,1.95,1.65,1.67,0,0,0,1.95,1.65,1.67,0,0,0
MAY,31.07,Marino,,46.36,21.4,137.95,0.58,335.55,1911.59,46.36,21.4,137.95,0.58,0,0,46.36,21.4,137.95,0.58,0,0
OCH,15.65,Marino,,17.61,13.9,27.12,0.09,320.66,635.59,17.61,13.9,27.12,0.09,0,0,47.1,33.4,100.05,0.32,73.96,146.59
ONEL,19.33,Marino,,65.22,31.74,193.88,0.54,723.44,980.89,65.22,31.74,193.88,0.54,72.69,29.67,65.22,31.74,193.88,0.54,0,0
POL,34.38,Marino,,3.29,2.33,7.11,0.02,2406.05,2553,3.29,2.33,7.11,0.02,0,0,3.29,2.33,7.11,0.02,0,0
SINAN,68.09,Marino,,5.6,3.77,10.16,0.04,717.98,1432.37,5.6,3.77,10.16,0.04,0,0,41.21,30.17,61.15,0.26,74.72,111.78
TARATUNICH,20,Marino,,9.41,5.55,21.75,0.06,1014,1059.12,9.41,5.55,21.75,0.06,0,0,9.41,5.55,21.75,0.06,0,0
TSIMIN,50.56,Marino,,17.17,9.3,43.44,0.18,311.92,1084.64,17.17,9.3,43.44,0.18,0,0,17.17,9.3,43.44,0.18,0,0
HUEHUETEPEC,0.82,Terrestre,,0.01,0.01,0.01,0,5.52,3.15,0.01,0.01,0.01,0,0,0,0.01,0.01,0.01,0,0,0
UECH,12.23,Marino,,10.06,7.56,13.81,0.06,256.38,524.46,10.06,7.56,13.81,0.06,0,0,10.06,7.56,13.81,0.06,0,0
XANAB,50.35,Marino,,31.16,28.83,19.05,0.12,1038.82,683.78,31.16,28.83,19.05,0.12,0,0,51.88,48,31.72,0.2,91.58,60.52
XUX,27.95,Marino,,23.79,11.54,67.62,0.29,287.41,1331.28,28.86,15.76,72.32,0.31,19.35,17.27,28.86,15.76,72.32,0.31,0,0
YAXCHE,35.06,Marino,,229.14,217.98,91.11,0.59,1270.4,539.56,232.23,220.89,92.6,0.6,0,0,303.26,288.18,123.09,0.79,192.85,87.49
KAB,45.58,Marino,,5.25,4.25,5.55,0.02,234.61,351.53,5.25,4.25,5.55,0.02,0,0,5.25,4.25,5.55,0.02,0,0
EK,16.64,Marino,,76.47,73.66,11.13,0.66,1007.11,109.58,97.88,94.23,14.48,0.86,0,0,97.88,94.23,14.48,0.86,15.31,2.58
GRANDE,0.53,Terrestre,,0.38,0,1.97,0,0,11.57,0.38,0,1.97,0,0,0,0.59,0,3.08,0,0,17.16
BALAM,28.34,Marino,,124.87,115.64,36.53,2.19,1036.85,313.64,159.25,147.49,46.6,2.79,0,0,159.25,147.49,46.6,2.79,0,0
ALAZAN,15.65,Terrestre,,0.25,0.25,0.14,0,66.32,39.47,0.25,0.25,0.14,0,0,0,0.25,0.25,0.14,0,0,0
ALTAMIRA,1495.74,Terrestre,,3.61,3.61,0.4,0,0,0,4.65,4.65,0.51,0,0,0,11.65,11.65,1.29,0,0,0
CACALILAO,236.91,Terrestre,,18.38,18.37,5.53,0,0,0,21.53,21.52,6.77,0,0,0,23.95,23.93,7.45,0,0,0
"CERRO VIEJO",12.94,Terrestre,,0.17,0.17,0.09,0,89.23,47.59,0.48,0.48,0.35,0,0,0,0.79,0.79,0.61,0,0,0
PANUCO,371.38,Terrestre,,13.12,13.12,6.75,0,3671.39,10677.67,16.26,16.26,8.08,0,601.16,1748.38,21.24,21.24,10.22,0,931.8,2710
"POTRERO DEL LLANO HORCONES",7.64,Terrestre,,0.73,0.73,0.57,0,401.14,212.97,0.73,0.73,0.57,0,0,0,1.3,1.3,0.95,0,0,0
"SALINAS BARCO CARACOL",411.37,Terrestre,,0.34,0.34,2.35,0,71.85,143.7,1,1,2.44,0,1.61,3.21,1.57,1.57,2.51,0,4.28,8.57
"SAN ANDRES",45.91,Terrestre,,1.31,1.31,1.94,0,1404.6,1701.36,3.08,3.08,5.1,0,17.51,23.1,17.97,17.97,35.18,0,0,0
TEMAPACHE,45,Terrestre,,0.19,0.19,0.12,0,18.35,13.8,0.19,0.19,0.12,0,0,0,0.19,0.19,0.12,0,0,0
TOPILA,270.38,Terrestre,,0.22,0.22,0.33,0,360.91,1305.7,0.58,0.58,0.38,0,13.27,48,0.65,0.65,0.38,0,8.84,32
ARAGON,71.92,Terrestre,,19.7,17.58,13.89,0,0,0,77.65,66.5,72.98,0,0,0,104.38,89.07,100.25,0,0,0
MERCED,11.98,Terrestre,,0.01,0,0.57,0,0,132.5,0.01,0,0.57,0,0,18.5,0.01,0,0.57,0,0,37.75
MONCLOVA,45.34,Terrestre,,0.09,0,0.48,0,0,281.29,0.09,0,0.48,0,0,0,0.09,0,0.48,0,0,0
NEJO,22.64,Terrestre,,15.88,2.48,82.65,0,52.3,1195.88,39.27,5.36,203.8,0,1.47,64.5,44.23,6.12,228.52,0,2.03,45.36
PAMORANA,15.05,Terrestre,,0.84,0,5.47,0.12,0.64,69.44,5.08,0,32.92,0.75,0.21,28.09,8.19,0,53.1,1.21,0,7.41
ZACATE,19.24,Terrestre,,0.24,0,1.88,0,0,45.8,0.61,0,4.76,0,0,35.5,0.61,0,4.76,0,0,5.33
"MAGALLANES TUCAN PAJONAL",133.07,Terrestre,,4.75,4.49,5.73,0,1030.65,616.65,14.86,13.98,18.91,0,0,0,18.34,17.24,23.45,0,0,0
OTATES,35.73,Terrestre,,2.15,1.54,3.03,0,213.8,485.97,2.15,1.54,3.03,0,0,0,2.15,1.54,3.03,0,0,0
ARENQUE,52.12,Marino,,42.21,21.86,94.17,0,1169.35,1306.53,60.51,35.15,117.33,0,27.17,27.17,60.51,35.15,117.33,0,114.47,133.01
CANON,20.78,Terrestre,,1.22,0,6.68,0.06,0,0,2.15,0,11.78,0.11,0,0,2.69,0,14.76,0.14,0,0
CUITLAHUAC,152.31,Terrestre,,18.28,0,112.89,1.05,0,0,29.27,0,180.8,1.68,0,0,34.77,0,214.76,1.99,0,0
PERDIZ,35.29,Terrestre,,0.6,0.5,0.87,0,171.7,209.96,2.17,1.94,2.06,0,11.55,4.04,2.74,2.5,2.24,0,0,0
PAPAN,34.34,Terrestre,,1.11,0,5.75,0,0,530.92,1.11,0,5.75,0,0,0,1.11,0,5.75,0,0,0
"EL TREINTA",11.23,Terrestre,,24.74,16.29,43.96,0,198.3,253.99,33.14,17.94,79.05,0,13.01,6.5,35.77,17.94,92.75,0,0,0
MUREX,5.49,Terrestre,,0.87,0,4.51,0,0,0,5.47,0,28.46,0,0,0,6.91,0,35.95,0,0,0
CORINDON,83.84,Terrestre,,0.73,0,4.03,0,0,0,3.92,0,22.49,0,0,0,4.92,0,28.83,0,0,0
AMATITLAN,156.96,Terrestre,,0.63,0.37,1.32,0,106.69,85.13,21.1,12.57,44.22,0,0,0,154.41,91.99,323.6,0,0,0
JARAGUAY,24.21,Terrestre,,0,0,0.01,0,0,4.17,0.55,0,2.71,0.16,0,1.39,2.01,0,9.98,0.6,0,18.29
"TIERRA BLANCA CHAPOPOTE NUNEZ",29.23,Terrestre,,0.7,0.7,0.39,0,352.52,197.13,0.7,0.7,0.39,0,0,0,4.1,4.1,2.26,0,0,0
COYOTES,88.45,Terrestre,,26.33,21.03,34.88,0,0,0,153.65,116.82,242.41,0,0,0,195.5,148.3,310.61,0,0,0
ECLIPSE,1.58,Terrestre,,0,0,0.02,0,0,14.76,0.44,0,1.65,0.23,0,0.14,0.52,0,1.97,0.27,0,1.62
OVEJA,2.52,Terrestre,,0.12,0,0.66,0,0,49.07,0.12,0,0.66,0,0,0,0.12,0,0.66,0,0,0
COYOL,220.14,Terrestre,,13.04,8.04,23.11,0,0,0,87.87,53.91,157.01,0,0,0,254.35,155.76,455.85,0,0,0
MUSPAC,88,Terrestre,,1.26,0.32,4.6,0,163.22,2720.25,1.26,0.32,4.6,0,0,0,1.26,0.32,4.6,0,0,0
CHIPILIN,36.06,Terrestre,,0.69,0.41,1.38,0.01,80,121.99,0.69,0.41,1.38,0.01,0,0,0.69,0.41,1.38,0.01,0,0
COBRA,24.17,Terrestre,,0,0,0,0,9.51,66.05,0,0,0,0,16.28,113.05,3.86,1.62,11.83,0.01,0,0
CUPACHE,13.02,Terrestre,,0,0,0,0,5.83,10.2,0,0,0,0,0,0,1.13,0.95,1.15,0,0,0
ESCARBADO,33.89,Terrestre,,1.59,1.05,2.6,0,59.37,153.08,1.59,1.05,2.6,0,0,0,1.59,1.05,2.6,0,0,0
COSTERO,49.95,Terrestre,,19.31,2.75,49.34,6.66,111.94,867.06,24.05,4.77,57.44,7.75,8.47,32.08,24.05,4.77,57.44,7.75,0,0
RASHA,9.17,Terrestre,,0.09,0,0.46,0,0,15.1,0.09,0,0.46,0,0,17.83,0.41,0,2.15,0,0,17.67
PASTORIA,138.01,Terrestre,,0,0,0,0,0,0,17.79,12.87,32.17,0,0,0,109.87,79.49,198.94,0,0,0
UTSIL,12.82,Marino,,41.77,41.09,4.17,0.02,249.02,25.25,145.04,142.68,14.47,0.08,280.96,28.49,215.58,212.08,21.5,0.12,341.76,34.65
BATAB,41.77,Marino,,6.88,6.38,5.21,0.06,214.73,170.3,6.88,6.38,5.21,0.06,0,0,27.15,25.17,20.55,0.22,151.14,118.1
AMBOS,0.08,Terrestre,,0,0,0,0,0,0,0,0,0,0,0,0,0.19,0,1.55,0,0,1.18
TLACOLULA,112.57,Terrestre,,0.06,0.05,0.04,0,0,0,4.89,4.2,4.54,0,0,0,94.53,79.02,101.51,0,0,0
"VARA ALTA",17.59,Terrestre,,0,0,0,0,0,0,0.23,0.23,0.12,0,0.89,2,0.23,0.23,0.12,0,0,0
BARRILETE,8.09,Terrestre,,0,0,0,0,0,0,0.88,0,4.28,0,0,8.69,1.21,0,5.98,0,0,2.81
RIBERENO,35.91,Terrestre,,26.95,2.89,71.68,9.67,5.59,114.05,47.17,5.08,125.36,16.91,4.26,86.85,59.44,6.37,158.09,21.33,2.54,51.76
PRIMO,0.91,Terrestre,,0,0,0,0,0,0,0,0,0,0,0,0,0.17,0,0.9,0,0,1.2
VACAS,1.11,Terrestre,,0.18,0,0.94,0,0,3.78,0.53,0,2.75,0,0,3.79,0.88,0,4.59,0,0,8
ZORRO,0.34,Terrestre,,0,0,0,0,0,0,0.13,0,0.66,0,0,0,0.13,0,0.66,0,0,0
CANTEMOC,18.11,Terrestre,,0,0,0,0,0,46.73,2.48,0,12.89,0,0,16.24,2.48,0,12.89,0,0,0
XICALANGO,47.96,Terrestre,,0.81,0,4.24,0,0,67.5,0.81,0,4.24,0,0,0,0.81,0,4.24,0,0,0
ZARAGOZA,4.71,Terrestre,,0,0,0,0,0,6.59,0,0,0,0,0,0,0.64,0,3.32,0,0,0
TROMPO,7.75,Terrestre,,0,0,0,0,0,0,0,0,0,0,0,0,1.78,0,9.26,0,0,22.43
TLACAME,7.96,Marino,,17.38,16.55,6.8,0.04,53.21,19.86,17.38,16.55,6.8,0.04,79.76,33.25,17.38,16.55,6.8,0.04,12.43,4.88
"AGUA NACIDA",70.81,Terrestre,,6.89,5.2,8.7,0,0,0,65.2,40.66,126.14,0,0,0,86.76,53.77,169.57,0,0,0
REMOLINO,195.97,Terrestre,,20.67,15.76,45.2,0,0,0,176.76,135.43,380.86,0,0,0,406.68,311.68,875.26,0,0,0
FURBERO,211.59,Terrestre,,38.58,30.23,68.17,0,0,0,83.65,64.43,157.08,0,0,0,166.35,122.18,360.91,0,0,0
HORCONES,55.5,Terrestre,,1.42,1.08,1.6,0,0,0,73.59,52.92,94.86,0,0,0,145.27,104.42,187.51,0,0,0
AMOCA,9.49,Marino,,79.49,73.5,31.8,0,840.3,361.77,207.14,188.88,96.97,0,39,18.28,427.62,390.39,197.72,0,384.98,168.26
HOKCHI,29.09,Marino,,119.71,112.18,43.67,0,621.41,204.98,149.02,139.6,54.63,0,9.84,3.28,167.2,156.67,61.12,0,11.69,3.86
ICHALKIL,27.48,Marino,,145.49,120.56,127.15,0,831.14,1079.13,623.9,528.94,484.27,0,1213.24,1177.18,858.72,722.27,695.9,0,0,0
MIZTON,7.18,Marino,,27.82,23.82,21.22,0,305,232.24,62.73,53.59,48.54,0,0,0,99.5,87.08,65.97,0,2.69,2.05
"PRESIDENTE ALEMAN PR",72.75,Terrestre,,0.33,0.25,0.34,0,20.68,33.45,0.33,0.25,0.34,0,0,0,0.33,0.25,0.34,0,0,0
IRIS,23.83,Terrestre,,1,0.54,2.24,0,33.72,203.74,1,0.54,2.24,0,0,0,1,0.54,2.24,0,0,0
GIGANTE,59.03,Terrestre,,0.01,0,0.13,0,0,0,0.01,0,0.13,0,0,0,0.01,0,0.13,0,0,0
"ARROYO ZANAPA",50.39,Terrestre,,2.49,2.05,2.36,0,64.38,175.05,2.49,2.05,2.36,0,0,0,2.49,2.05,2.36,0,0,0
CARAVANA,7.92,Terrestre,,0.01,0,0.08,0,0,0,0.01,0,0.08,0,0,0,0.01,0,0.08,0,0,0
POKOCH,4.89,Marino,,31.49,23.73,39.56,0,145.06,241.81,46.8,35.27,58.8,0,10.07,16.79,52.51,39.57,65.97,0,0,0
RENO,18.62,Terrestre,,0.06,0,0.32,0,0,0,0.53,0,2.64,0,0,0,0.53,0,2.64,0,0,0
ANTIGUO,14.12,Terrestre,,0.18,0,0.91,0,0,0,0.29,0,1.51,0,0,0,0.29,0,1.51,0,0,0
HALLAZGO,19.47,Terrestre,,0.85,0.84,0.87,0,0,0,0.85,0.84,0.87,0,0,0,1.31,1.27,3.53,0,0,0
BONANZA,4.68,Terrestre,,0.04,0,0.23,0,0,14.12,0.04,0,0.23,0,0,11.55,0.18,0,0.94,0,0,1.93
ALONDRA,68.68,Terrestre,,1.19,0,6.21,0,0,0,2.35,0,12.21,0,0,0,3.12,0,16.21,0,0,0
AXON,3.39,Terrestre,,0.02,0,0.1,0,0,7.06,0.02,0,0.1,0,0,3.03,0.02,0,0.1,0,0,0.63
AZOR,9.32,Terrestre,,0.55,0,2.9,0,0,0,0.55,0,2.9,0,0,0,0.55,0,2.9,0,0,0
EXPLORADOR,13.53,Terrestre,,0.01,0,0.05,0,0,3.81,0.16,0,0.84,0,0,0.75,0.16,0,0.84,0,0,0.06
HUATEMPO,4.68,Terrestre,,0.04,0,0.22,0,0,0,0.04,0,0.22,0,0,0,0.04,0,0.22,0,0,0
PALEOARCOS,1.48,Terrestre,,0.12,0,0.63,0,0,0,0.12,0,0.63,0,0,0,0.51,0,2.67,0,0,0
RIACHUELO,1.24,Terrestre,,0.17,0.17,0.26,0,7.43,7.61,0.17,0.17,0.26,0,0,0,0.17,0.17,0.26,0,0,0
CALABAZA,42.13,Terrestre,,0.48,0,2.48,0,0,0,2.65,0,13.8,0,0,0,2.65,0,13.8,0,0,0
"PENA BLANCA",26.71,Terrestre,,1.11,0,6.18,0,0,0,2.92,0,15.2,0,0,0,4.21,0,22.01,0,0,0
"TAMAULIPAS CONSTITUCIONES",82.1,Terrestre,,66.66,54.51,56.93,0,2553.56,1332.77,95.45,77.73,83.01,0,54.25,19.75,149.08,121.79,127.78,0,0,0
"TEEKIT PROFUNDO",6.41,Marino,,16.91,15.43,12.06,0.08,60.44,30.93,16.91,15.43,12.06,0.08,0,0,16.91,15.43,12.06,0.08,0,0
CHEEK,12.39,Marino,,24.4,22.16,17.59,0.06,96.33,71.45,24.4,22.16,17.59,0.06,0,0,24.4,22.16,17.59,0.06,0,0
XIKIN,21.4,Marino,,5.7,4.94,6.25,0.05,149.46,191.83,88.04,76.28,96.42,0.7,222.85,286.02,88.04,76.28,96.42,0.7,0,0
UCHBAL,12.42,Marino,,3.1,2.92,1.43,0.01,25.37,12.81,3.1,2.92,1.43,0.01,0,0,3.1,2.92,1.43,0.01,0,0
TECA,16.94,Marino,,21.11,16.97,25.08,0,102.03,110.86,21.11,16.97,25.08,0,0.01,0.01,21.11,16.97,25.08,0,36.5,57.27
OCTLI,10.35,Marino,,3.98,2.71,7.68,0,74.08,56.23,3.98,2.71,7.68,0,0,0,6.42,4.85,9.49,0,15.18,9.1
IXACHI,45.81,Terrestre,,842.68,279.85,2932.47,34.65,712.15,5474.76,1619.57,501.67,5824.52,68.81,320.22,2461.76,2134.54,605.48,7966.77,94.12,376.59,2895.14
TETL,18.67,Marino,,13.97,13.53,3.67,0.02,79.49,34.51,20.29,19.3,8.17,0.05,0,0,26.02,24.54,12.25,0.07,0,0
CIBIX,6.95,Terrestre,,23.93,18.27,27.51,0.11,190.68,181.79,35.28,26.28,44.18,0.16,0,0,41.64,31.15,51.42,0.19,44.2,59.81
"MANIK NW",8.68,Marino,,6.41,5.3,11.27,0.08,51.78,67.36,6.41,5.3,11.27,0.08,0,0,6.41,5.3,11.27,0.08,0,0
MULACH,18.61,Marino,,119.59,113.89,46.77,0.3,505.38,198.1,119.59,113.89,46.77,0.3,101.8,40.78,123.95,118.02,48.6,0.31,46.66,19.92
ESAH,23.61,Marino,,5.8,4.77,7.49,0.02,80.26,89.53,5.8,4.77,7.49,0.02,0,0,5.8,4.77,7.49,0.02,0,0
MISION,44.38,Terrestre,,0.71,0,3.69,0,0,147.33,0.97,0,4.99,0.01,0,3.07,1.03,0,5.27,0.01,0,2.73
CORCOVADO,83.93,Terrestre,,7.99,7.92,0.72,0,928.47,196.26,8.79,8.73,0.76,0,0,0,9.93,9.86,0.8,0,0,0
"EBANO CHAPACAO",906.62,Terrestre,,46.27,46.08,2.3,0,3104.01,645.32,50.88,50.67,2.45,0,0,0,53.32,53.1,2.54,0,0,0
LIMON,208.42,Terrestre,,1.95,1.94,0.08,0,433.79,87.98,2.11,2.1,0.09,0,0,0,2.11,2.1,0.09,0,0,0
ZAPOTALILLO,12.13,Terrestre,,0.08,0.08,0.03,0,5.29,5.43,0.08,0.08,0.03,0,0,0,0.08,0.08,0.03,0,0,0
BOCAXA,0.38,Terrestre,,0.36,0,1.83,0,0,11.81,0.5,0,2.57,0,0,0.52,0.68,0,3.53,0,0,2.37
CALI,6.31,Terrestre,,1.42,0,7.3,0.01,0,144.77,2.02,0,10.34,0.02,0,3.62,2.07,0,10.59,0.02,0,0.22
FORCADO,0.81,Terrestre,,0.15,0,0.79,0,0,7,0.5,0,2.55,0.01,0,13.44,0.53,0,2.74,0.01,0,7.31
GEMINIS,28.29,Terrestre,,0.65,0,3.38,0,0,136.41,0.76,0,3.96,0,0,11.45,0.8,0,4.13,0,0,6.11
INTEGRAL,0.91,Terrestre,,0.22,0,1.13,0.01,0,9.69,1.16,0,5.85,0.03,0,6.16,1.29,0,6.49,0.04,0,0.6
MANDARIN,0.58,Terrestre,,0.04,0,0.19,0,0,4.04,0.04,0,0.19,0,0,0.03,0.04,0,0.19,0,0,0
PRESA,9.18,Terrestre,,0.05,0,0.26,0,0,20.81,0.07,0,0.34,0,0,0.15,0.07,0,0.35,0,0,3.98
TRAPICHE,0.3,Terrestre,,0.32,0,1.66,0,0,27.22,1.14,0,5.86,0.01,0,6.6,1.34,0,6.86,0.01,0,4.18
"EL GOLPE",42.59,Terrestre,,3.99,3.44,3.1,0,317.18,209.8,5.29,4.56,4.11,0,317.18,209.8,5.33,4.6,4.14,0,317.18,209.8
SANTUARIO,63.55,Terrestre,,19.34,16.55,15.75,0,216.6,125.7,24.3,20.8,19.77,0,216.6,125.7,25.42,21.76,20.67,0,216.6,125.7
TEPOZAN,3.11,Terrestre,,0.24,0,1.25,0,0,7.8,0.54,0,2.77,0.01,0,6.69,2.9,0,14.66,0.07,0,18.96
TEJADA,3.32,Terrestre,,0.21,0.21,0.09,0,26.26,17.69,0.21,0.21,0.09,0,0,0,0.21,0.21,0.09,0,0,0
BARCODON,7.79,Terrestre,,2.64,2.31,1.86,0,153.26,38.28,3.77,3.34,2.44,0,21.15,2.73,4.66,4.14,2.89,0,38.92,5.02
CARRETAS,81.34,Terrestre,,0.43,0,2.04,0,0,81.29,1.92,0,9.04,0,0,17.78,3.25,0,15.28,0,0,9.2
"SAN BERNARDO",22.17,Terrestre,,0.68,0,3.24,0,0,44.2,1.85,0,8.74,0,0,54.1,3.01,0,14.26,0.01,0,25.43
KOBAN,36.39,Marino,,12.79,5.97,37.72,0.16,26.46,125.62,27.81,13.01,81.74,0.35,17.58,83.45,27.81,13.01,81.74,0.35,0,0
ROSAL,4.5383,Terrestre,,0.09,0,0.44,0,0,10.49,0.09,0,0.44,0,0,0,0.09,0,0.44,0,0,2.66
TIHUATLAN,2.6138,Terrestre,,0.01,0.01,0,0,3.79,1.9,0.01,0.01,0,0,0,0,0.01,0.01,0,0,0,0
RICOS,11.6191,Terrestre,,1.93,0,9.65,0.02,0,42.84,2.47,0,12.35,0.02,0,12.48,2.47,0,12.35,0.02,0,1.22
PRIMAVERA,45.5483,Terrestre,,0.37,0,1.86,0.02,0,47.46,0.37,0,1.86,0.02,0,47.46,0.37,0,1.86,0.02,0,47.46
FITON,6.11,Terrestre,,0.02,0,0.1,0,0,9.54,0.02,0,0.14,0,0,0,0.04,0,0.21,0,0,0
BENAVIDES,149.4711,Terrestre,,19.56,0,97.26,0.86,0,313.83,26.81,0,133.29,1.18,0,313.83,26.81,0,133.29,1.18,0,313.83
ITTA,5.22,Marino,,16.97,15.71,10.68,0.03,118.21,80.11,29.38,27.2,18.4,0.06,22.11,14.99,29.38,27.2,18.4,0.06,0,0
TLAMATINI,5.71,Marino,,18.31,17.4,7.45,0.05,135.05,82.87,30.35,28.9,11.94,0.08,24.52,15.05,30.35,28.9,11.94,0.08,0,0
QUESQUI,61.39,Terrestre,,481.89,231.62,1218.97,2.15,839.84,3107.59,481.89,231.62,1218.97,2.15,0,0,606.11,320.1,1393.05,2.46,0,0
ENLACE,9.81,Terrestre,,0.32,0,1.67,0,0,171.94,0.32,0,1.67,0,0,0,0.38,0,1.97,0,0,1.39
HIDALGO,92.09,Terrestre,,0.01,0,0.07,0,0,26.92,0.01,0,0.07,0,0,0,0.01,0,0.07,0,0,12.46
VIGILANTE,4.06,Terrestre,,0.01,0,0.06,0,0,0,0.01,0,0.06,0,0,0,0.01,0,0.06,0,0,0
CATARRIN,0.1382,Terrestre,,0.01,0,0.03,0,0,14.85,0.01,0,0.03,0,0,0,0.01,0,0.03,0,0,0
"SANTA ROSALIA",124.68,Terrestre,,3.57,0,28.94,0.01,0,0,4.39,0,35.59,0.01,0,0,5.02,0,40.75,0.01,0,0
"PITAL Y MOZUTLA",2.27,Terrestre,,0.09,0.09,0.03,0,4.6,1.98,0.09,0.09,0.03,0,0,0,0.09,0.09,0.03,0,0,0
CENTURION,0.8872,Terrestre,,0.02,0.02,0.01,0,1,0.27,0.02,0.02,0.01,0,0,0,0.02,0.02,0.01,0,0,0
VALERIANA,0,Terrestre,,30.77,7.38,113.55,0.23,18.26,181.68,34.26,8.14,126.85,0.26,3.25,26.85,39.15,8.96,146.61,0.3,4.14,34.16
POKCHE,0,Marino,,20.03,16.41,29.79,0.19,147.73,274.32,20.03,16.41,29.79,0.19,29.67,55.82,20.03,16.41,29.79,0.19,17.55,31.33
MAREOGRAFO,18.2781,Terrestre,,0.82,0,4.81,0,0,52.77,1.93,0,11.29,0,0,7.43,2.36,0,13.81,0,0,3.1
CALIBRADOR,9.8328,Terrestre,,0.47,0,2.76,0,0,51.23,2.23,0,12.96,0,0,11.55,4.46,0,25.98,0,0,16.69
CAMATL,7.400,Marino,"CAMPO EN EVALUACIÓN",6.44,5.97,2.86,0,47.73,22.78,10.5,9.73,4.68,0,44.06,21.03,25.46,23.6,11.3,0,0,0
MANGAR,3.66,Terrestre,,0,0,0,0,0,0,1.2,0,6.22,0,0,9,1.77,0,9.19,0,0,4.35
CHINTUL,3.7,Terrestre,,0,0,0,0,1.35,2.09,4.73,0.6,20.31,0,6.36,85.16,11.22,1.43,48.19,0,0.17,1.96
TANGRAM,16,Terrestre,,1.15,0,6,0,0,80.02,1.15,0,6,0,0,320.03,1.15,0,6,0,0,800.03
CEFIRO,15.15,Terrestre,,1.58,0,8.19,0,0,45.28,1.58,0,8.19,0,0,181.01,1.58,0,8.19,0,0,452.63
BITZAL,18.08,Terrestre,,0.5,0,2.59,0,0,15.98,1.3,0,6.78,0,0,5.99,1.3,0,6.78,0,0,0
ALMENDRO,2.64,Terrestre,,0.77,0,4.02,0,0,31.36,1.78,0,9.28,0,0,8.76,1.78,0,9.28,0,0,0
PIT,38.46,Marino,,151.57,148.58,18.32,0.1,1480.39,182.53,468.45,459.23,56.62,0.32,1315.57,162.21,761.21,746.23,92.01,0.51,0,0
BAKSHA,10.56,Marino,,0,0,0,0,0,0,42.81,41.88,5.76,0.03,449.58,61.87,42.81,41.88,5.76,0.03,0,0
TSON,18.75,Marino,,0,0,0,0,0,0,24.78,24.29,3.01,0.02,351.39,85.82,77.85,76.13,10.57,0.06,732.85,180.01
CHAPABIL,43.8,Marino,,0,0,0,0,0,0,15.71,15.43,1.71,0.01,234.29,26.05,151.4,148.71,16.52,0.09,808.67,89.9
KAYAB,54.31,Marino,,208.91,205.31,22.13,0.12,1930.09,207.96,502.34,493.67,53.22,0.3,1069.05,115.18,770.34,757.06,81.61,0.46,0,0
ALUX,8.8,Marino,,3.55,3.35,1.11,0,28.36,9.39,15.8,14.91,4.93,0.02,42.6,14.1,32.31,30.49,10.09,0.04,33.03,10.93
MISON,9.58,Marino,,11.76,10.2,8.6,0.04,41.76,35.4,25.78,22.37,18.85,0.08,49.19,41.69,35.48,30.78,25.94,0.11,35.06,29.72
TECOALLI,20.77,Marino,,5.09,4.5,3.14,0,39,27.8,17.34,14.39,15.69,0,21.2,15.11,27.07,23.22,20.47,0,5.06,3.61
NAK,18.54,Marino,,5.66,3.3,13.04,0.06,12.11,49.48,36.41,21.24,83.84,0.36,65.89,269.33,64.8,37.8,149.2,0.63,60.68,248.03
"SABANA GRANDE",331.43,Terrestre,,0,0,0,0,0,0,9.5,8.3,5.55,0,308.48,154.24,80.77,66.06,68.08,0,1508.35,754.18
TENEXCUILA,226.55,Terrestre,,0,0,0,0,0,0,4.75,2.26,11.53,0,174.32,55.78,52.54,25.01,127.43,0,879.43,281.42
ALGODONERO,13.67,Terrestre,,0,0,0,0,0,0,0,0,0,0,0,0,0.19,0,1,0,0,1.29
TEEKIT,1.86,Marino,,0,0,0,0,0,0,12.07,11.75,2.61,0.02,63.08,12.27,12.07,11.75,2.61,0.02,0,0
MAKECH,11.8,Marino,,0,0,0,0,0,0,13.5,12.73,4.27,0.02,63.53,21.35,29.34,27.66,9.29,0.04,73.74,24.78
AKPUL,15.28,Marino,,0,0,0,0,0,0,13.54,0,70.44,0,0,126.5,28.99,0,150.8,0,0,146.55
CITAM,3.03,Marino,,2.27,2.1,0.92,0,31.14,13.64,2.27,2.1,0.92,0,0,0,32.57,30.2,13.1,0.06,63.46,27.79
KIX,13.51,Marino,,0,0,0,0,0,0,14.26,5.64,47.62,0.2,23.84,72.85,68.86,27.62,227.87,0.97,90.52,276.64
MEN,4.82,Marino,,0,0,0,0,0,0,20.11,0,104.59,0,0,150.22,35.92,0,186.84,0,0,116.69
TOLOC,4.4,Marino,,0,0,0,0,0,0,11.53,11.33,1.5,0,57.54,65.95,11.53,11.33,1.5,0,0,0
WAYIL,5.24,Marino,,9.37,7.37,23.58,0.2,36.94,118.23,10.95,8.61,27.56,0.23,6.27,20.07,15.69,12.34,39.49,0.34,17.82,57.02
KAY,0.62,Marino,,0,0,0,0,0,0,0,0,0,0,0,0,1.58,1.07,6.03,0.05,2.4,13.37
CARMITO,12.86,Terrestre,,0.51,0.02,2.43,0,60.31,638.88,0.51,0.02,2.43,0,0,0,0.51,0.02,2.43,0,0,0
"REMOLINO PR",17.18,Terrestre,,0.25,0.19,0.52,0,0,0,0.25,0.19,0.52,0,0,0,1.99,1.58,3.79,0,0,0
AYAPA,4.2,Terrestre,,0.32,0.28,0.17,0,27.64,13.35,0.32,0.28,0.17,0,0,0,0.32,0.28,0.17,0,0,0
MIXTAN,3.39,Terrestre,,1.21,0,5.83,0,0,21.1,2.32,0,11.2,0,0,0,2.32,0,11.2,0,0,0
ALAMEDA,2.36,Terrestre,,0,0,0,0,0,0,0,0,0,0,0,0,3.96,2.16,9.65,0,21.81,21.15
"SANTA ANA",34.83,Marino,,0,0,0,0,141.25,133.87,0,0,0,0,0,0,0.64,0.55,0.45,0,0,0
TEPEYIL,15,Terrestre,,0,0,0,0,18.11,60.01,0,0,0,0,102.99,164.53,5.25,4.69,2.71,0.02,27.58,16.02
KACH,16.72,Marino,,0,0,0,0,0,0,66,64.76,7.63,0.04,405.04,52.86,94.08,92.31,10.88,0.06,181.31,23.66
KASTELAN,6.23,Marino,,0,0,0,0,0,0,0,0,0,0,0,0,40.13,39.31,5.07,0.03,614.34,79.86
FENIX,16.69,Terrestre,,1.69,0.54,6.07,0,103.8,345.99,1.69,0.54,6.07,0,0,0,1.69,0.54,6.07,0,0,0
ANGUILAS,11.09,Terrestre,,0.34,0,1.78,0,0,9.1,0.34,0,1.78,0,0,0,0.34,0,1.78,0,0,0
PANAL,25,Terrestre,,0,0,0,0,7.46,21.21,0,0,0,0,0,0,0.52,0.44,0.38,0,0,0
TALUD,0,Terrestre,,0.17,0,1.2,0,0,1.94,0.17,0,1.2,0,0,0,0.17,0,1.2,0,0,3.92
BATSIL,22.95,Marino,,7.23,7.03,1.15,0,46.1,7.48,26.83,26.08,4.25,0.01,97.51,15.82,79.62,77.38,12.62,0.03,192.3,31.2
CAHUA,10.42,Marino,,0.25,0.13,0.72,0,14.49,51.88,0.25,0.13,0.72,0,0.02,0.02,0.25,0.13,0.72,0,0,0
CHOCOL,11.92,Terrestre,,0.43,0.38,0.27,0,63.01,46.95,0.43,0.38,0.27,0,22,16.39,0.43,0.38,0.27,0,43.62,32.5
SUUK,8.34,Marino,,12.4,11.4,7.91,0.02,258.25,174.07,32.93,30.27,21.03,0.06,156.98,105.81,36.38,33.43,23.24,0.07,330.26,222.61
NUNCIO,0.28,Terrestre,,0.56,0,2.92,0,0,8.29,0.56,0,2.92,0,0,0,0.56,0,2.92,0,0,364.88
CHUCLA,0.28,Terrestre,,0.35,0,1.8,0,0,25.38,0.35,0,1.8,0,0,101.53,0.35,0,1.8,0,0,253.93
AYIN,14.88,Marino,,28.34,26.91,7.93,0.03,229.94,67.79,96.36,91.49,26.97,0.11,229.94,67.79,216.83,206.08,59.55,0.25,272.93,77.66
NICAPA,1.73,Terrestre,,0.27,0.19,0.37,0,0,0,0.27,0.19,0.37,0,0,0,0.27,0.19,0.37,0,0,0
CATEDRAL,39.36,Terrestre,,1.04,0,4.52,0.08,51.57,837.2,5.42,0,22.77,0.57,0,0,8.2,0,34.42,0.88,0,0
"SANTUARIO NE",93.23,Terrestre,,36.34,30.79,31.38,0,592,378.6,81.94,70.77,63.07,0,592,378.6,90.46,78.2,69.23,0,592,378.6
SARLAT,3.8918,Terrestre,,0,0,0,0,2.75,6.39,0,0,0,0,0,0,0.5,0.05,3.08,0,0,4.81
MEJILLON,0.7382,Marino,,0,0,0,0,0,0,0,0,0,0,0,0,1.75,1.75,54.69,0,50.09,135.23
PAKI,5.79,Marino,,4.97,4.69,2.32,0.01,25.7,28.86,12.31,8.89,27.97,0.18,21.85,10.92,12.31,8.89,27.97,0.18,0,0
LAKACH,20.6025,Marino,,101.8,0,579.49,2.21,0,814.18,148.95,0,847.9,3.24,0,271.35,148.95,0,847.9,3.24,0,0
NUMAN,6.87,Marino,,0,0,0,0,0,0,0,0,0,0,0,0,16.76,16.53,1.4,0.01,257.54,21.63
"NUEVOS LIRIOS",12.74,Terrestre,,0.54,0,2.83,0,0,39.48,0.54,0,2.83,0,0,0,0.54,0,2.83,0,0,0
"LAGUNA ALEGRE",7.57,Terrestre,,0.96,0,4.99,0,0,21.52,0.96,0,4.99,0,0,0,0.96,0,4.99,0,0,0
PALMARO,3.66,Terrestre,,0.57,0,2.94,0,0,28.74,0.57,0,2.94,0,0,0,0.57,0,2.94,0,0,0
MAXIMINO,75.9256,Marino,,0,0,0,0,0,0,0,0,0,0,0,0,193.96,118.59,348.75,0,701.58,1588.73
NOBILIS,22.2274,Marino,,0,0,0,0,0,0,0,0,0,0,0,0,181.36,134.54,216.65,0,535.03,685.74
DOCTUS,0,Marino,,0,0,0,0,0,0,0,0,0,0,0,0,191.57,116.82,345.9,0,537.49,1651.21
COPALI,,Marino,"NUEVOS CAMPOS",0,0,0,0,0,0,6.3,5.9,3.29,0.02,49.21,21.32,16.56,15.07,12.22,0.08,5.32,2.61
ZAMA,,"Aguas someras","NUEVOS CAMPOS",36.67,34.99,13.71,0.09,130.19,50.69,498.12,475.42,185.27,1.19,1407.29,549.16,707.16,675.02,262.35,1.69,116.59,45.52
ACTUL,,Terrestre,"NUEVOS CAMPOS",2.24,2.07,0.83,0,4.83,1.98,4.75,4.41,1.67,0,6.61,2.71,8.2,7.54,3.24,0,7.94,3.25
"CHUCOX NW",,Terrestre,"NUEVOS CAMPOS",6.91,6.38,2.57,0,32.23,11.45,11.84,10.98,4.19,0.01,36.29,12.89,17.06,15.85,5.92,0.01,26.27,9.33
TLALKIVAK,,"Aguas someras","NUEVOS CAMPOS",18.91,13.86,28.24,0.13,54.49,92.88,30.45,22.33,45.43,0.21,23.01,39.23,55.31,40.7,81.74,0.38,79.86,136.14
XINICH,,Terrestre,"NUEVOS CAMPOS",0.9,0.82,0.4,0,4.71,2.39,1.61,1.46,0.72,0,1.9,0.88,6.73,4.4,11.35,0.05,33.7,18.97
XOLOTL,,"Aguas someras","NUEVOS CAMPOS",0,0,0,0,7.29,3.23,0,0,0,0,29.26,12.98,1.66,1.58,0.68,0.01,43.66,19.37
"XANAB SE",,"Aguas someras","NUEVOS CAMPOS",4.29,3.92,2.97,0.02,13.56,10.25,25.26,23.12,17.48,0.11,37.19,28.11,25.26,23.12,17.48,0.11,0,0
RACEMOSA,,Terrestre,"NUEVOS CAMPOS",14.58,9.09,26.63,0.05,37.26,108.55,24,14.97,43.83,0.09,15.03,43.79,24,14.97,43.83,0.09,0,0
YAWA,,Terrestre,,0.93,0.88,0.53,0,3.14,1.26,1.63,1.55,0.91,0,2.7,1.08,1.63,1.55,0.91,0,0,0
TLAKATI,,"Aguas someras","NUEVOS CAMPOS",3.36,3.24,1,0.01,18.73,6.24,4.46,4.3,1.32,0.01,10.8,3.6,11.14,10.76,3.11,0.02,33.6,11.19
POKCHENE,,"Aguas someras","NUEVOS CAMPOS",1.27,1.15,0.97,0.01,7.79,6.54,24.38,22.12,18.65,0.12,59.61,50.01,24.38,22.12,18.65,0.12,0,0
PLATAO,,Terrestre,,6.26,4.17,10.36,0.07,7.16,15.76,14.42,9.78,23.02,0.16,36.05,79.32,39.8,27.29,62.03,0.44,63.81,140.4
"AKAL NW",,"Aguas someras","NUEVOS CAMPOS",16.66,16.1,4.32,0.01,76.22,18.02,19.54,18.89,4.98,0.01,26.55,6.28,24.9,24.09,6.19,0.01,60.35,14.26
CHUCOX,,Terrestre,"NUEVOS CAMPOS",2.29,2.03,1.27,0,9.68,2.28,2.29,2.03,1.27,0,1.89,0.44,2.29,2.03,1.27,0,0,0
ATOYATL,,"Aguas someras","NUEVOS CAMPOS",0,0,0,0,0,0,6.23,5.63,3.61,0,30.72,19.61,24.01,16.46,45.42,0,67.52,43.02
"JOSE COLOMO",40.75,Terrestre,,0.28,0,1.56,0,21.64,2939.12,0.28,0,1.56,0,0,25.77,0.28,0,1.56,0,0,0
"JUJO TECOMINOACAN",124.44,Terrestre,,15.8,10.44,25.86,0.15,3850.92,4721.02,15.8,10.44,25.86,0.15,0,0,15.8,10.44,25.86,0.15,0,0
NIQUITA,,"Aguas someras","NUEVOS CAMPOS",8.8,8.39,3.34,0.02,54.47,21.47,20.4,18.54,14.54,0.09,109.19,40.4,28.46,24.23,32.84,0.19,33.07,12.78
TUM,,Terrestre,"NUEVOS CAMPOS",2,0.8,6.28,0.07,9.37,60.27,2,0.8,6.28,0.07,28.77,185.05,2,0.8,6.28,0.07,68.23,438.82
JANAMBRE,,Terrestre,"NUEVOS CAMPOS",0,0,0,0,0,10.98,0.1,0,0.56,0,0,0,0.12,0,0.67,0,0,0
YUNQUE,,Terrestre,"NUEVOS CAMPOS",0.03,0,0.15,0,0,25.39,0.07,0,0.41,0,0,0,0.08,0,0.44,0,0,0
ANONA,,Terrestre,,0.01,0,0.05,0,0,16.89,0.02,0,0.13,0,0,0,0.04,0,0.21,0,0,0
CASTA,,Terrestre,,0,0,0,0,0,16.61,0.11,0,0.61,0,0,0,0.12,0,0.66,0,0,0
ECATL,,Terrestre,,0.15,0,0.83,0,0,89.8,0.24,0,1.34,0.01,0,0,0.38,0,2.09,0.01,0,0
FOSIL,,Terrestre,,0.03,0,0.14,0,0,14.44,0.03,0,0.18,0,0,0,0.05,0,0.26,0,0,0
GRANADITAS,,Terrestre,,0.4,0,2.24,0,0,86.13,0.56,0,3.14,0,0,0,1.39,0,7.72,0.02,0,0
ITA,,Terrestre,,0.19,0,1.04,0,0,31.59,0.25,0,1.39,0,0,0,0.41,0,2.24,0.01,0,0
ORGANDI,,Terrestre,,0.1,0,0.57,0,0,29.36,0.14,0,0.77,0,0,0,0.14,0,0.77,0,0,0
PAME,,Terrestre,,0.17,0,0.97,0,0,44.41,0.34,0,1.9,0,0,0,3.12,0,17.54,0,0,0
PATRIOTA,,Terrestre,,0.2,0,1.12,0,0,141.04,7.43,0,41.72,0,0,0,18.52,0,103.98,0,0,0
PIPILA,,Terrestre,,0.64,0,3.53,0.01,0,83.81,0.79,0,4.4,0.01,0,0,3.52,0,19.47,0.06,0,0
RUSCO,,Terrestre,,0.08,0,0.4,0.01,0,122.1,0.11,0,0.55,0.02,0,0,3.11,0,15.04,0.43,0,0
VICHE,,Terrestre,,0.25,0,1.38,0,0,25.69,0.28,0,1.59,0,0,0,0.31,0,1.76,0,0,0
"COPITE NORTE",,Terrestre,"NUEVOS CAMPOS",0.02,0,0.1,0,0,16.3,0.03,0,0.15,0,0,0,0.04,0,0.21,0,0,0
VINIK,,Terrestre,,5.71,1.37,20.94,0,3.32,49.25,12.28,2.95,45.03,0,2.9,43.07,25,5.35,94.78,0,3.75,55.73
BAKTE,,Terrestre,"NUEVOS CAMPOS",0,0,0,0,0,0,47.78,14.21,168.32,0.28,30.35,259.37,172.86,52.11,605.48,1,80.13,684.75
"CIBIX 401EXP",,Terrestre,"NUEVOS CAMPOS",9.46,8.51,4.62,0.02,60.66,29.66,11.63,10.59,5.06,0.02,12.8,6.26,11.63,10.59,5.06,0.02,0,0
"ETKAL NE",,"Aguas someras","NUEVOS CAMPOS",8.3,7.37,6.85,0.02,34.91,27.87,21.83,17.73,30.29,0.09,37.68,30.09,54.47,43.53,80.91,0.25,129.49,103.39
"MACUIL SE",,"Aguas someras","NUEVOS CAMPOS",0,0,0,0,17.36,14.53,9.02,8.09,7.55,0.05,51.15,11.49,14.22,13.05,9.61,0.06,35.1,12.94
MACUIL,,"Aguas someras","NUEVOS CAMPOS",0,0,0,0,0,0,17.52,16.93,4.83,0.03,100.02,40.7,50.38,48.65,14.14,0.09,42.73,17.28
OBBA,,Terrestre,"NUEVOS CAMPOS",1.88,1.18,3.27,0,10.85,4.76,7.26,3.76,16.41,0,35.54,15.6,8.67,4.54,19.35,0,5.02,2.2
TECHIAKTLI,,Terrestre,"NUEVOS CAMPOS",0,0,0,0,0,0,0,0,0,0,0,0,7.87,2.37,27.61,0.05,5.03,43
TENTOK,,"Aguas someras","NUEVOS CAMPOS",6.54,6.28,2.08,0.01,28.75,10.94,28.56,27.3,10.24,0.07,135.73,60.14,36.75,35.13,13.17,0.09,41.37,19.3
XALE,,"Aguas someras","NUEVOS CAMPOS",0,0,0,0,0,0,34.93,4.38,185.09,0,22.69,227.56,35.65,5.01,185.63,0,7.92,8.46
PICADILLO,29.397,Terrestre,"EL VALOR DE LA RESERVA DE ESTE CAMPO ESTA ASOCIADO AL CLUSTER CARLOS-PICADILLO-CARLOTA-LLANO BLANCO",0,0,0,0,0,0,0,0,0,0,0,0,0,0,0,0,0,0
BRAGADO,3.1113,Terrestre,"EL VALOR DE LA RESERVA DE ESTE CAMPO ESTA ASOCIADO AL CLUSTER BRAGADO-CHALUPA-LEYENDA",0.52,0,2.25,0.7,0,24.31,1.59,0,6.90,0.21,0,24.54,1.88,0,8.15,0.25,0,22.97
CARLOS,15.9882,Terrestre,"EL VALOR DE LA RESERVA DE ESTE CAMPO ESTA ASOCIADO AL CLUSTER CARLOS-PICADILLO-CARLOTA-LLANO BLANCO",4.90,0,23.72,0.16,0,204.45,8.29,0,40.09,0.27,0,35.40,11.40,0,55.13,0.37,0,80.99
LEYENDA,2.9134,Terrestre,"EL VALOR DE LA RESERVA DE ESTE CAMPO ESTA ASOCIADO AL CLUSTER BRAGADO-CHALUPA-LEYENDA",0,0,0,0,0,0,0,0,0,0,0,0,0,0,0,0,0,0
"LLANO BLANCO",6.5139,Terrestre,"EL VALOR DE LA RESERVA DE ESTE CAMPO ESTA ASOCIADO AL CLUSTER CARLOS-PICADILLO-CARLOTA-LLANO BLANCO",0,0,0,0,0,0,0,0,0,0,0,0,0,0,0,0,0,0
CARLOTA,6.0012,Terrestre,"EL VALOR DE LA RESERVA DE ESTE CAMPO ESTA ASOCIADO AL CLUSTER CARLOS-PICADILLO-CARLOTA-LLANO BLANCO",0,0,0,0,0,0,0,0,0,0,0,0,0,0,0,0,0,0
CHALUPA,3.2641,Terrestre,"EL VALOR DE LA RESERVA DE ESTE CAMPO ESTA ASOCIADO AL CLUSTER BRAGADO-CHALUPA-LEYENDA",0,0,0,0,0,0,0,0,0,0,0,0,0,0,0,0,0,0
"TUPILCO PROFUNDO",,Terrestre,"NUEVOS CAMPOS",116.03,96.45,106.61,0.23,331.35,312.17,126.20,105.14,114.64,0.25,142.70,134.44,150.80,126.18,134.05,0.29,78.33,73.79
